study_name,comments,part_id,language,item,known
CogMisp24,NA,P55,en,banana,1
CogMisp24,NA,P55,en,bowl,1
CogMisp24,NA,P55,en,butterfly,1
CogMisp24,NA,P55,en,chocolate,0
CogMisp24,NA,P55,en,cookie,1
CogMisp24,NA,P55,en,foot,1
CogMisp24,NA,P55,en,giraffe,1
CogMisp24,NA,P55,en,monkey,1
CogMisp24,NA,P55,en,mouth,1
CogMisp24,NA,P55,en,pizza,1
CogMisp24,NA,P55,en,table,1
CogMisp24,NA,P55,en,window,0
CogMisp24,NA,P55,fr,banane,1
CogMisp24,NA,P55,fr,bol,1
CogMisp24,NA,P55,fr,papillon,1
CogMisp24,NA,P55,fr,chocolat,0
CogMisp24,NA,P55,fr,biscuit,0
CogMisp24,NA,P55,fr,pied,1
CogMisp24,NA,P55,fr,girafe,1
CogMisp24,NA,P55,fr,singe,1
CogMisp24,NA,P55,fr,bouche,1
CogMisp24,NA,P55,fr,pizza,1
CogMisp24,NA,P55,fr,table,1
CogMisp24,NA,P55,fr,fenetre,0
CogMisp24,NA,P15,en,banana,1
CogMisp24,NA,P15,en,bowl,1
CogMisp24,NA,P15,en,butterfly,1
CogMisp24,NA,P15,en,chocolate,1
CogMisp24,NA,P15,en,cookie,1
CogMisp24,NA,P15,en,foot,1
CogMisp24,NA,P15,en,giraffe,1
CogMisp24,NA,P15,en,monkey,1
CogMisp24,NA,P15,en,mouth,1
CogMisp24,NA,P15,en,pizza,1
CogMisp24,NA,P15,en,table,1
CogMisp24,NA,P15,en,window,1
CogMisp24,NA,P15,fr,banane,1
CogMisp24,NA,P15,fr,bol,1
CogMisp24,NA,P15,fr,papillon,1
CogMisp24,NA,P15,fr,chocolat,1
CogMisp24,NA,P15,fr,biscuit,1
CogMisp24,NA,P15,fr,pied,1
CogMisp24,NA,P15,fr,girafe,1
CogMisp24,NA,P15,fr,singe,1
CogMisp24,NA,P15,fr,bouche,1
CogMisp24,NA,P15,fr,pizza,1
CogMisp24,NA,P15,fr,table,1
CogMisp24,NA,P15,fr,fenetre,1
CogMisp24,NA,P48,en,banana,1
CogMisp24,NA,P48,en,bowl,1
CogMisp24,NA,P48,en,butterfly,1
CogMisp24,NA,P48,en,chocolate,1
CogMisp24,NA,P48,en,cookie,1
CogMisp24,NA,P48,en,foot,1
CogMisp24,NA,P48,en,giraffe,0
CogMisp24,NA,P48,en,monkey,1
CogMisp24,NA,P48,en,mouth,1
CogMisp24,NA,P48,en,pizza,1
CogMisp24,NA,P48,en,table,1
CogMisp24,NA,P48,en,window,1
CogMisp24,NA,P48,fr,banane,1
CogMisp24,NA,P48,fr,bol,1
CogMisp24,NA,P48,fr,papillon,0
CogMisp24,NA,P48,fr,chocolat,1
CogMisp24,NA,P48,fr,biscuit,0
CogMisp24,NA,P48,fr,pied,1
CogMisp24,NA,P48,fr,girafe,0
CogMisp24,NA,P48,fr,singe,1
CogMisp24,NA,P48,fr,bouche,1
CogMisp24,NA,P48,fr,pizza,1
CogMisp24,NA,P48,fr,table,1
CogMisp24,NA,P48,fr,fenetre,1
CogMisp24,NA,P13,en,banana,1
CogMisp24,NA,P13,en,bowl,1
CogMisp24,NA,P13,en,butterfly,1
CogMisp24,NA,P13,en,chocolate,1
CogMisp24,NA,P13,en,cookie,1
CogMisp24,NA,P13,en,foot,1
CogMisp24,NA,P13,en,giraffe,1
CogMisp24,NA,P13,en,monkey,1
CogMisp24,NA,P13,en,mouth,1
CogMisp24,NA,P13,en,pizza,1
CogMisp24,NA,P13,en,table,1
CogMisp24,NA,P13,en,window,1
CogMisp24,NA,P13,fr,banane,1
CogMisp24,NA,P13,fr,bol,1
CogMisp24,NA,P13,fr,papillon,1
CogMisp24,NA,P13,fr,chocolat,1
CogMisp24,NA,P13,fr,biscuit,1
CogMisp24,NA,P13,fr,pied,1
CogMisp24,NA,P13,fr,girafe,1
CogMisp24,NA,P13,fr,singe,1
CogMisp24,NA,P13,fr,bouche,1
CogMisp24,NA,P13,fr,pizza,1
CogMisp24,NA,P13,fr,table,1
CogMisp24,NA,P13,fr,fenetre,1
CogMisp24,NA,P25,en,banana,1
CogMisp24,NA,P25,en,bowl,1
CogMisp24,NA,P25,en,butterfly,1
CogMisp24,NA,P25,en,chocolate,1
CogMisp24,NA,P25,en,cookie,1
CogMisp24,NA,P25,en,foot,1
CogMisp24,NA,P25,en,giraffe,1
CogMisp24,NA,P25,en,monkey,1
CogMisp24,NA,P25,en,mouth,1
CogMisp24,NA,P25,en,pizza,1
CogMisp24,NA,P25,en,table,1
CogMisp24,NA,P25,en,window,1
CogMisp24,NA,P25,fr,banane,1
CogMisp24,NA,P25,fr,bol,0
CogMisp24,NA,P25,fr,papillon,1
CogMisp24,NA,P25,fr,chocolat,0
CogMisp24,NA,P25,fr,biscuit,1
CogMisp24,NA,P25,fr,pied,1
CogMisp24,NA,P25,fr,girafe,0
CogMisp24,NA,P25,fr,singe,0
CogMisp24,NA,P25,fr,bouche,1
CogMisp24,NA,P25,fr,pizza,1
CogMisp24,NA,P25,fr,table,1
CogMisp24,NA,P25,fr,fenetre,0
CogMisp24,NA,P75,en,banana,1
CogMisp24,NA,P75,en,bowl,1
CogMisp24,NA,P75,en,butterfly,0
CogMisp24,NA,P75,en,chocolate,0
CogMisp24,NA,P75,en,cookie,1
CogMisp24,NA,P75,en,foot,1
CogMisp24,NA,P75,en,giraffe,0
CogMisp24,NA,P75,en,monkey,1
CogMisp24,NA,P75,en,mouth,1
CogMisp24,NA,P75,en,pizza,1
CogMisp24,NA,P75,en,table,1
CogMisp24,NA,P75,en,window,0
CogMisp24,NA,P75,fr,banane,0
CogMisp24,NA,P75,fr,bol,0
CogMisp24,NA,P75,fr,papillon,0
CogMisp24,NA,P75,fr,chocolat,0
CogMisp24,NA,P75,fr,biscuit,0
CogMisp24,NA,P75,fr,pied,0
CogMisp24,NA,P75,fr,girafe,0
CogMisp24,NA,P75,fr,singe,0
CogMisp24,NA,P75,fr,bouche,0
CogMisp24,NA,P75,fr,pizza,0
CogMisp24,NA,P75,fr,table,0
CogMisp24,NA,P75,fr,fenetre,0
CogMisp24,NA,P50,en,banana,1
CogMisp24,NA,P50,en,bowl,1
CogMisp24,NA,P50,en,butterfly,1
CogMisp24,NA,P50,en,chocolate,1
CogMisp24,NA,P50,en,cookie,1
CogMisp24,NA,P50,en,foot,1
CogMisp24,NA,P50,en,giraffe,1
CogMisp24,NA,P50,en,monkey,1
CogMisp24,NA,P50,en,mouth,1
CogMisp24,NA,P50,en,pizza,1
CogMisp24,NA,P50,en,table,1
CogMisp24,NA,P50,en,window,1
CogMisp24,NA,P50,fr,banane,1
CogMisp24,NA,P50,fr,bol,0
CogMisp24,NA,P50,fr,papillon,1
CogMisp24,NA,P50,fr,chocolat,1
CogMisp24,NA,P50,fr,biscuit,0
CogMisp24,NA,P50,fr,pied,0
CogMisp24,NA,P50,fr,girafe,1
CogMisp24,NA,P50,fr,singe,0
CogMisp24,NA,P50,fr,bouche,0
CogMisp24,NA,P50,fr,pizza,1
CogMisp24,NA,P50,fr,table,1
CogMisp24,NA,P50,fr,fenetre,0
CogMisp24,NA,P69,en,banana,1
CogMisp24,NA,P69,en,bowl,1
CogMisp24,NA,P69,en,butterfly,1
CogMisp24,NA,P69,en,chocolate,1
CogMisp24,NA,P69,en,cookie,1
CogMisp24,NA,P69,en,foot,1
CogMisp24,NA,P69,en,giraffe,1
CogMisp24,NA,P69,en,monkey,1
CogMisp24,NA,P69,en,mouth,1
CogMisp24,NA,P69,en,pizza,1
CogMisp24,NA,P69,en,table,1
CogMisp24,NA,P69,en,window,1
CogMisp24,NA,P69,fr,banane,1
CogMisp24,NA,P69,fr,bol,1
CogMisp24,NA,P69,fr,papillon,0
CogMisp24,NA,P69,fr,chocolat,0
CogMisp24,NA,P69,fr,biscuit,1
CogMisp24,NA,P69,fr,pied,1
CogMisp24,NA,P69,fr,girafe,1
CogMisp24,NA,P69,fr,singe,1
CogMisp24,NA,P69,fr,bouche,1
CogMisp24,NA,P69,fr,pizza,0
CogMisp24,NA,P69,fr,table,1
CogMisp24,NA,P69,fr,fenetre,0
CogMisp24,NA,P60,en,banana,1
CogMisp24,NA,P60,en,bowl,1
CogMisp24,NA,P60,en,butterfly,1
CogMisp24,NA,P60,en,chocolate,1
CogMisp24,NA,P60,en,cookie,1
CogMisp24,NA,P60,en,foot,1
CogMisp24,NA,P60,en,giraffe,1
CogMisp24,NA,P60,en,monkey,1
CogMisp24,NA,P60,en,mouth,1
CogMisp24,NA,P60,en,pizza,1
CogMisp24,NA,P60,en,table,1
CogMisp24,NA,P60,en,window,1
CogMisp24,NA,P60,fr,banane,1
CogMisp24,NA,P60,fr,bol,1
CogMisp24,NA,P60,fr,papillon,1
CogMisp24,NA,P60,fr,chocolat,1
CogMisp24,NA,P60,fr,biscuit,1
CogMisp24,NA,P60,fr,pied,1
CogMisp24,NA,P60,fr,girafe,1
CogMisp24,NA,P60,fr,singe,1
CogMisp24,NA,P60,fr,bouche,1
CogMisp24,NA,P60,fr,pizza,1
CogMisp24,NA,P60,fr,table,1
CogMisp24,NA,P60,fr,fenetre,0
CogMisp24,NA,P40,en,banana,1
CogMisp24,NA,P40,en,bowl,1
CogMisp24,NA,P40,en,butterfly,1
CogMisp24,NA,P40,en,chocolate,1
CogMisp24,NA,P40,en,cookie,1
CogMisp24,NA,P40,en,foot,1
CogMisp24,NA,P40,en,giraffe,1
CogMisp24,NA,P40,en,monkey,1
CogMisp24,NA,P40,en,mouth,1
CogMisp24,NA,P40,en,pizza,1
CogMisp24,NA,P40,en,table,1
CogMisp24,NA,P40,en,window,1
CogMisp24,NA,P40,fr,banane,0
CogMisp24,NA,P40,fr,bol,0
CogMisp24,NA,P40,fr,papillon,0
CogMisp24,NA,P40,fr,chocolat,0
CogMisp24,NA,P40,fr,biscuit,0
CogMisp24,NA,P40,fr,pied,0
CogMisp24,NA,P40,fr,girafe,0
CogMisp24,NA,P40,fr,singe,0
CogMisp24,NA,P40,fr,bouche,0
CogMisp24,NA,P40,fr,pizza,0
CogMisp24,NA,P40,fr,table,0
CogMisp24,NA,P40,fr,fenetre,0
CogMisp24,NA,P70,en,banana,1
CogMisp24,NA,P70,en,bowl,1
CogMisp24,NA,P70,en,butterfly,1
CogMisp24,NA,P70,en,chocolate,1
CogMisp24,NA,P70,en,cookie,1
CogMisp24,NA,P70,en,foot,1
CogMisp24,NA,P70,en,giraffe,1
CogMisp24,NA,P70,en,monkey,1
CogMisp24,NA,P70,en,mouth,1
CogMisp24,NA,P70,en,pizza,1
CogMisp24,NA,P70,en,table,1
CogMisp24,NA,P70,en,window,1
CogMisp24,NA,P70,fr,banane,1
CogMisp24,NA,P70,fr,bol,0
CogMisp24,NA,P70,fr,papillon,0
CogMisp24,NA,P70,fr,chocolat,1
CogMisp24,NA,P70,fr,biscuit,1
CogMisp24,NA,P70,fr,pied,0
CogMisp24,NA,P70,fr,girafe,0
CogMisp24,NA,P70,fr,singe,0
CogMisp24,NA,P70,fr,bouche,0
CogMisp24,NA,P70,fr,pizza,1
CogMisp24,NA,P70,fr,table,1
CogMisp24,NA,P70,fr,fenetre,0
CogMisp24,NA,P34,en,banana,1
CogMisp24,NA,P34,en,bowl,1
CogMisp24,NA,P34,en,butterfly,1
CogMisp24,NA,P34,en,chocolate,1
CogMisp24,NA,P34,en,cookie,1
CogMisp24,NA,P34,en,foot,1
CogMisp24,NA,P34,en,giraffe,1
CogMisp24,NA,P34,en,monkey,1
CogMisp24,NA,P34,en,mouth,1
CogMisp24,NA,P34,en,pizza,1
CogMisp24,NA,P34,en,table,1
CogMisp24,NA,P34,en,window,1
CogMisp24,NA,P34,fr,banane,1
CogMisp24,NA,P34,fr,bol,1
CogMisp24,NA,P34,fr,papillon,0
CogMisp24,NA,P34,fr,chocolat,1
CogMisp24,NA,P34,fr,biscuit,1
CogMisp24,NA,P34,fr,pied,1
CogMisp24,NA,P34,fr,girafe,1
CogMisp24,NA,P34,fr,singe,0
CogMisp24,NA,P34,fr,bouche,1
CogMisp24,NA,P34,fr,pizza,1
CogMisp24,NA,P34,fr,table,1
CogMisp24,NA,P34,fr,fenetre,0
CogMisp24,NA,P67,en,banana,1
CogMisp24,NA,P67,en,bowl,1
CogMisp24,NA,P67,en,butterfly,0
CogMisp24,NA,P67,en,chocolate,0
CogMisp24,NA,P67,en,cookie,1
CogMisp24,NA,P67,en,foot,1
CogMisp24,NA,P67,en,giraffe,0
CogMisp24,NA,P67,en,monkey,1
CogMisp24,NA,P67,en,mouth,1
CogMisp24,NA,P67,en,pizza,0
CogMisp24,NA,P67,en,table,1
CogMisp24,NA,P67,en,window,1
CogMisp24,NA,P67,fr,banane,1
CogMisp24,NA,P67,fr,bol,1
CogMisp24,NA,P67,fr,papillon,0
CogMisp24,NA,P67,fr,chocolat,0
CogMisp24,NA,P67,fr,biscuit,1
CogMisp24,NA,P67,fr,pied,1
CogMisp24,NA,P67,fr,girafe,0
CogMisp24,NA,P67,fr,singe,0
CogMisp24,NA,P67,fr,bouche,1
CogMisp24,NA,P67,fr,pizza,0
CogMisp24,NA,P67,fr,table,1
CogMisp24,NA,P67,fr,fenetre,1
CogMisp24,NA,P26,en,banana,1
CogMisp24,NA,P26,en,bowl,1
CogMisp24,NA,P26,en,butterfly,1
CogMisp24,NA,P26,en,chocolate,1
CogMisp24,NA,P26,en,cookie,1
CogMisp24,NA,P26,en,foot,1
CogMisp24,NA,P26,en,giraffe,1
CogMisp24,NA,P26,en,monkey,1
CogMisp24,NA,P26,en,mouth,1
CogMisp24,NA,P26,en,pizza,1
CogMisp24,NA,P26,en,table,1
CogMisp24,NA,P26,en,window,1
CogMisp24,NA,P26,fr,banane,1
CogMisp24,NA,P26,fr,bol,1
CogMisp24,NA,P26,fr,papillon,1
CogMisp24,NA,P26,fr,chocolat,1
CogMisp24,NA,P26,fr,biscuit,1
CogMisp24,NA,P26,fr,pied,1
CogMisp24,NA,P26,fr,girafe,1
CogMisp24,NA,P26,fr,singe,1
CogMisp24,NA,P26,fr,bouche,1
CogMisp24,NA,P26,fr,pizza,1
CogMisp24,NA,P26,fr,table,1
CogMisp24,NA,P26,fr,fenetre,1
CogMisp24,NA,P35,en,banana,1
CogMisp24,NA,P35,en,bowl,1
CogMisp24,NA,P35,en,butterfly,1
CogMisp24,NA,P35,en,chocolate,1
CogMisp24,NA,P35,en,cookie,1
CogMisp24,NA,P35,en,foot,1
CogMisp24,NA,P35,en,giraffe,1
CogMisp24,NA,P35,en,monkey,1
CogMisp24,NA,P35,en,mouth,1
CogMisp24,NA,P35,en,pizza,1
CogMisp24,NA,P35,en,table,1
CogMisp24,NA,P35,en,window,1
CogMisp24,NA,P35,fr,banane,1
CogMisp24,NA,P35,fr,bol,0
CogMisp24,NA,P35,fr,papillon,0
CogMisp24,NA,P35,fr,chocolat,1
CogMisp24,NA,P35,fr,biscuit,0
CogMisp24,NA,P35,fr,pied,1
CogMisp24,NA,P35,fr,girafe,1
CogMisp24,NA,P35,fr,singe,0
CogMisp24,NA,P35,fr,bouche,1
CogMisp24,NA,P35,fr,pizza,1
CogMisp24,NA,P35,fr,table,1
CogMisp24,NA,P35,fr,fenetre,0
CogMisp24,NA,P44,en,banana,1
CogMisp24,NA,P44,en,bowl,1
CogMisp24,NA,P44,en,butterfly,1
CogMisp24,NA,P44,en,chocolate,1
CogMisp24,NA,P44,en,cookie,1
CogMisp24,NA,P44,en,foot,1
CogMisp24,NA,P44,en,giraffe,1
CogMisp24,NA,P44,en,monkey,1
CogMisp24,NA,P44,en,mouth,1
CogMisp24,NA,P44,en,pizza,1
CogMisp24,NA,P44,en,table,1
CogMisp24,NA,P44,en,window,1
CogMisp24,NA,P44,fr,banane,1
CogMisp24,NA,P44,fr,bol,1
CogMisp24,NA,P44,fr,papillon,1
CogMisp24,NA,P44,fr,chocolat,1
CogMisp24,NA,P44,fr,biscuit,1
CogMisp24,NA,P44,fr,pied,1
CogMisp24,NA,P44,fr,girafe,1
CogMisp24,NA,P44,fr,singe,0
CogMisp24,NA,P44,fr,bouche,1
CogMisp24,NA,P44,fr,pizza,1
CogMisp24,NA,P44,fr,table,1
CogMisp24,NA,P44,fr,fenetre,0
CogMisp24,NA,P71,en,banana,1
CogMisp24,NA,P71,en,bowl,1
CogMisp24,NA,P71,en,butterfly,0
CogMisp24,NA,P71,en,chocolate,0
CogMisp24,NA,P71,en,cookie,1
CogMisp24,NA,P71,en,foot,1
CogMisp24,NA,P71,en,giraffe,0
CogMisp24,NA,P71,en,monkey,0
CogMisp24,NA,P71,en,mouth,1
CogMisp24,NA,P71,en,pizza,1
CogMisp24,NA,P71,en,table,1
CogMisp24,NA,P71,en,window,1
CogMisp24,NA,P71,fr,banane,1
CogMisp24,NA,P71,fr,bol,0
CogMisp24,NA,P71,fr,papillon,0
CogMisp24,NA,P71,fr,chocolat,0
CogMisp24,NA,P71,fr,biscuit,1
CogMisp24,NA,P71,fr,pied,1
CogMisp24,NA,P71,fr,girafe,0
CogMisp24,NA,P71,fr,singe,0
CogMisp24,NA,P71,fr,bouche,1
CogMisp24,NA,P71,fr,pizza,1
CogMisp24,NA,P71,fr,table,1
CogMisp24,NA,P71,fr,fenetre,1
CogMisp24,NA,P74,en,banana,1
CogMisp24,NA,P74,en,bowl,1
CogMisp24,NA,P74,en,butterfly,1
CogMisp24,NA,P74,en,chocolate,1
CogMisp24,NA,P74,en,cookie,1
CogMisp24,NA,P74,en,foot,1
CogMisp24,NA,P74,en,giraffe,1
CogMisp24,NA,P74,en,monkey,1
CogMisp24,NA,P74,en,mouth,1
CogMisp24,NA,P74,en,pizza,1
CogMisp24,NA,P74,en,table,1
CogMisp24,NA,P74,en,window,1
CogMisp24,NA,P74,fr,banane,1
CogMisp24,NA,P74,fr,bol,1
CogMisp24,NA,P74,fr,papillon,1
CogMisp24,NA,P74,fr,chocolat,0
CogMisp24,NA,P74,fr,biscuit,1
CogMisp24,NA,P74,fr,pied,0
CogMisp24,NA,P74,fr,girafe,0
CogMisp24,NA,P74,fr,singe,0
CogMisp24,NA,P74,fr,bouche,0
CogMisp24,NA,P74,fr,pizza,1
CogMisp24,NA,P74,fr,table,0
CogMisp24,NA,P74,fr,fenetre,0
CogMisp24,NA,P23,en,banana,1
CogMisp24,NA,P23,en,bowl,1
CogMisp24,NA,P23,en,butterfly,1
CogMisp24,NA,P23,en,chocolate,1
CogMisp24,NA,P23,en,cookie,1
CogMisp24,NA,P23,en,foot,1
CogMisp24,NA,P23,en,giraffe,1
CogMisp24,NA,P23,en,monkey,1
CogMisp24,NA,P23,en,mouth,1
CogMisp24,NA,P23,en,pizza,1
CogMisp24,NA,P23,en,table,1
CogMisp24,NA,P23,en,window,1
CogMisp24,NA,P23,fr,banane,1
CogMisp24,NA,P23,fr,bol,0
CogMisp24,NA,P23,fr,papillon,1
CogMisp24,NA,P23,fr,chocolat,1
CogMisp24,NA,P23,fr,biscuit,0
CogMisp24,NA,P23,fr,pied,0
CogMisp24,NA,P23,fr,girafe,1
CogMisp24,NA,P23,fr,singe,0
CogMisp24,NA,P23,fr,bouche,0
CogMisp24,NA,P23,fr,pizza,1
CogMisp24,NA,P23,fr,table,1
CogMisp24,NA,P23,fr,fenetre,0
CogMisp24,NA,P42,en,banana,1
CogMisp24,NA,P42,en,bowl,1
CogMisp24,NA,P42,en,butterfly,1
CogMisp24,NA,P42,en,chocolate,1
CogMisp24,NA,P42,en,cookie,1
CogMisp24,NA,P42,en,foot,1
CogMisp24,NA,P42,en,giraffe,1
CogMisp24,NA,P42,en,monkey,1
CogMisp24,NA,P42,en,mouth,1
CogMisp24,NA,P42,en,pizza,1
CogMisp24,NA,P42,en,table,1
CogMisp24,NA,P42,en,window,1
CogMisp24,NA,P42,fr,banane,1
CogMisp24,NA,P42,fr,bol,0
CogMisp24,NA,P42,fr,papillon,0
CogMisp24,NA,P42,fr,chocolat,0
CogMisp24,NA,P42,fr,biscuit,0
CogMisp24,NA,P42,fr,pied,0
CogMisp24,NA,P42,fr,girafe,0
CogMisp24,NA,P42,fr,singe,0
CogMisp24,NA,P42,fr,bouche,0
CogMisp24,NA,P42,fr,pizza,1
CogMisp24,NA,P42,fr,table,0
CogMisp24,NA,P42,fr,fenetre,0
CogMisp24,NA,P07,en,banana,1
CogMisp24,NA,P07,en,bowl,1
CogMisp24,NA,P07,en,butterfly,1
CogMisp24,NA,P07,en,chocolate,1
CogMisp24,NA,P07,en,cookie,1
CogMisp24,NA,P07,en,foot,1
CogMisp24,NA,P07,en,giraffe,1
CogMisp24,NA,P07,en,monkey,1
CogMisp24,NA,P07,en,mouth,1
CogMisp24,NA,P07,en,pizza,1
CogMisp24,NA,P07,en,table,1
CogMisp24,NA,P07,en,window,1
CogMisp24,NA,P07,fr,banane,1
CogMisp24,NA,P07,fr,bol,1
CogMisp24,NA,P07,fr,papillon,1
CogMisp24,NA,P07,fr,chocolat,1
CogMisp24,NA,P07,fr,biscuit,1
CogMisp24,NA,P07,fr,pied,1
CogMisp24,NA,P07,fr,girafe,1
CogMisp24,NA,P07,fr,singe,1
CogMisp24,NA,P07,fr,bouche,1
CogMisp24,NA,P07,fr,pizza,1
CogMisp24,NA,P07,fr,table,1
CogMisp24,NA,P07,fr,fenetre,1
CogMisp24,NA,P10,en,banana,1
CogMisp24,NA,P10,en,bowl,1
CogMisp24,NA,P10,en,butterfly,1
CogMisp24,NA,P10,en,chocolate,1
CogMisp24,NA,P10,en,cookie,1
CogMisp24,NA,P10,en,foot,1
CogMisp24,NA,P10,en,giraffe,1
CogMisp24,NA,P10,en,monkey,1
CogMisp24,NA,P10,en,mouth,1
CogMisp24,NA,P10,en,pizza,1
CogMisp24,NA,P10,en,table,1
CogMisp24,NA,P10,en,window,1
CogMisp24,NA,P10,fr,banane,1
CogMisp24,NA,P10,fr,bol,1
CogMisp24,NA,P10,fr,papillon,0
CogMisp24,NA,P10,fr,chocolat,1
CogMisp24,NA,P10,fr,biscuit,1
CogMisp24,NA,P10,fr,pied,1
CogMisp24,NA,P10,fr,girafe,1
CogMisp24,NA,P10,fr,singe,0
CogMisp24,NA,P10,fr,bouche,0
CogMisp24,NA,P10,fr,pizza,1
CogMisp24,NA,P10,fr,table,1
CogMisp24,NA,P10,fr,fenetre,0
CogMisp24,NA,P36,en,banana,1
CogMisp24,NA,P36,en,bowl,1
CogMisp24,NA,P36,en,butterfly,1
CogMisp24,NA,P36,en,chocolate,1
CogMisp24,NA,P36,en,cookie,1
CogMisp24,NA,P36,en,foot,1
CogMisp24,NA,P36,en,giraffe,1
CogMisp24,NA,P36,en,monkey,1
CogMisp24,NA,P36,en,mouth,1
CogMisp24,NA,P36,en,pizza,1
CogMisp24,NA,P36,en,table,1
CogMisp24,NA,P36,en,window,1
CogMisp24,NA,P36,fr,banane,1
CogMisp24,NA,P36,fr,bol,0
CogMisp24,NA,P36,fr,papillon,0
CogMisp24,NA,P36,fr,chocolat,0
CogMisp24,NA,P36,fr,biscuit,0
CogMisp24,NA,P36,fr,pied,0
CogMisp24,NA,P36,fr,girafe,0
CogMisp24,NA,P36,fr,singe,0
CogMisp24,NA,P36,fr,bouche,0
CogMisp24,NA,P36,fr,pizza,1
CogMisp24,NA,P36,fr,table,0
CogMisp24,NA,P36,fr,fenetre,0
CogMisp24,NA,P32,en,banana,1
CogMisp24,NA,P32,en,bowl,1
CogMisp24,NA,P32,en,butterfly,1
CogMisp24,NA,P32,en,chocolate,1
CogMisp24,NA,P32,en,cookie,1
CogMisp24,NA,P32,en,foot,1
CogMisp24,NA,P32,en,giraffe,1
CogMisp24,NA,P32,en,monkey,1
CogMisp24,NA,P32,en,mouth,1
CogMisp24,NA,P32,en,pizza,1
CogMisp24,NA,P32,en,table,1
CogMisp24,NA,P32,en,window,1
CogMisp24,NA,P32,fr,banane,1
CogMisp24,NA,P32,fr,bol,1
CogMisp24,NA,P32,fr,papillon,1
CogMisp24,NA,P32,fr,chocolat,1
CogMisp24,NA,P32,fr,biscuit,1
CogMisp24,NA,P32,fr,pied,1
CogMisp24,NA,P32,fr,girafe,1
CogMisp24,NA,P32,fr,singe,1
CogMisp24,NA,P32,fr,bouche,1
CogMisp24,NA,P32,fr,pizza,1
CogMisp24,NA,P32,fr,table,1
CogMisp24,NA,P32,fr,fenetre,1
CogMisp24,NA,P02,en,banana,1
CogMisp24,NA,P02,en,bowl,1
CogMisp24,NA,P02,en,butterfly,1
CogMisp24,NA,P02,en,chocolate,1
CogMisp24,NA,P02,en,cookie,1
CogMisp24,NA,P02,en,foot,1
CogMisp24,NA,P02,en,giraffe,1
CogMisp24,NA,P02,en,monkey,1
CogMisp24,NA,P02,en,mouth,1
CogMisp24,NA,P02,en,pizza,1
CogMisp24,NA,P02,en,table,1
CogMisp24,NA,P02,en,window,1
CogMisp24,NA,P02,fr,banane,1
CogMisp24,NA,P02,fr,bol,0
CogMisp24,NA,P02,fr,papillon,1
CogMisp24,NA,P02,fr,chocolat,1
CogMisp24,NA,P02,fr,biscuit,1
CogMisp24,NA,P02,fr,pied,1
CogMisp24,NA,P02,fr,girafe,1
CogMisp24,NA,P02,fr,singe,0
CogMisp24,NA,P02,fr,bouche,1
CogMisp24,NA,P02,fr,pizza,1
CogMisp24,NA,P02,fr,table,0
CogMisp24,NA,P02,fr,fenetre,0
CogMisp24,NA,P56,en,banana,1
CogMisp24,NA,P56,en,bowl,1
CogMisp24,NA,P56,en,butterfly,1
CogMisp24,NA,P56,en,chocolate,1
CogMisp24,NA,P56,en,cookie,1
CogMisp24,NA,P56,en,foot,1
CogMisp24,NA,P56,en,giraffe,1
CogMisp24,NA,P56,en,monkey,1
CogMisp24,NA,P56,en,mouth,1
CogMisp24,NA,P56,en,pizza,1
CogMisp24,NA,P56,en,table,1
CogMisp24,NA,P56,en,window,1
CogMisp24,NA,P56,fr,banane,1
CogMisp24,NA,P56,fr,bol,1
CogMisp24,NA,P56,fr,papillon,0
CogMisp24,NA,P56,fr,chocolat,1
CogMisp24,NA,P56,fr,biscuit,1
CogMisp24,NA,P56,fr,pied,1
CogMisp24,NA,P56,fr,girafe,1
CogMisp24,NA,P56,fr,singe,0
CogMisp24,NA,P56,fr,bouche,1
CogMisp24,NA,P56,fr,pizza,1
CogMisp24,NA,P56,fr,table,1
CogMisp24,NA,P56,fr,fenetre,0
CogMisp24,NA,P63,en,banana,1
CogMisp24,NA,P63,en,bowl,1
CogMisp24,NA,P63,en,butterfly,1
CogMisp24,NA,P63,en,chocolate,1
CogMisp24,NA,P63,en,cookie,1
CogMisp24,NA,P63,en,foot,1
CogMisp24,NA,P63,en,giraffe,1
CogMisp24,NA,P63,en,monkey,1
CogMisp24,NA,P63,en,mouth,1
CogMisp24,NA,P63,en,pizza,1
CogMisp24,NA,P63,en,table,1
CogMisp24,NA,P63,en,window,1
CogMisp24,NA,P63,fr,banane,1
CogMisp24,NA,P63,fr,bol,1
CogMisp24,NA,P63,fr,papillon,1
CogMisp24,NA,P63,fr,chocolat,1
CogMisp24,NA,P63,fr,biscuit,1
CogMisp24,NA,P63,fr,pied,1
CogMisp24,NA,P63,fr,girafe,1
CogMisp24,NA,P63,fr,singe,1
CogMisp24,NA,P63,fr,bouche,1
CogMisp24,NA,P63,fr,pizza,1
CogMisp24,NA,P63,fr,table,1
CogMisp24,NA,P63,fr,fenetre,1
CogMisp24,NA,P22,en,banana,1
CogMisp24,NA,P22,en,bowl,0
CogMisp24,NA,P22,en,butterfly,0
CogMisp24,NA,P22,en,chocolate,0
CogMisp24,NA,P22,en,cookie,0
CogMisp24,NA,P22,en,foot,0
CogMisp24,NA,P22,en,giraffe,0
CogMisp24,NA,P22,en,monkey,1
CogMisp24,NA,P22,en,mouth,1
CogMisp24,NA,P22,en,pizza,0
CogMisp24,NA,P22,en,table,0
CogMisp24,NA,P22,en,window,0
CogMisp24,NA,P22,fr,banane,1
CogMisp24,NA,P22,fr,bol,0
CogMisp24,NA,P22,fr,papillon,0
CogMisp24,NA,P22,fr,chocolat,0
CogMisp24,NA,P22,fr,biscuit,0
CogMisp24,NA,P22,fr,pied,0
CogMisp24,NA,P22,fr,girafe,0
CogMisp24,NA,P22,fr,singe,0
CogMisp24,NA,P22,fr,bouche,0
CogMisp24,NA,P22,fr,pizza,0
CogMisp24,NA,P22,fr,table,0
CogMisp24,NA,P22,fr,fenetre,0
CogMisp24,NA,P11,en,banana,1
CogMisp24,NA,P11,en,bowl,1
CogMisp24,NA,P11,en,butterfly,1
CogMisp24,NA,P11,en,chocolate,1
CogMisp24,NA,P11,en,cookie,1
CogMisp24,NA,P11,en,foot,1
CogMisp24,NA,P11,en,giraffe,1
CogMisp24,NA,P11,en,monkey,1
CogMisp24,NA,P11,en,mouth,1
CogMisp24,NA,P11,en,pizza,1
CogMisp24,NA,P11,en,table,1
CogMisp24,NA,P11,en,window,1
CogMisp24,NA,P11,fr,banane,1
CogMisp24,NA,P11,fr,bol,1
CogMisp24,NA,P11,fr,papillon,0
CogMisp24,NA,P11,fr,chocolat,1
CogMisp24,NA,P11,fr,biscuit,1
CogMisp24,NA,P11,fr,pied,0
CogMisp24,NA,P11,fr,girafe,1
CogMisp24,NA,P11,fr,singe,0
CogMisp24,NA,P11,fr,bouche,1
CogMisp24,NA,P11,fr,pizza,1
CogMisp24,NA,P11,fr,table,1
CogMisp24,NA,P11,fr,fenetre,0
CogMisp24,NA,P04,en,banana,1
CogMisp24,NA,P04,en,bowl,1
CogMisp24,NA,P04,en,butterfly,1
CogMisp24,NA,P04,en,chocolate,1
CogMisp24,NA,P04,en,cookie,1
CogMisp24,NA,P04,en,foot,1
CogMisp24,NA,P04,en,giraffe,1
CogMisp24,NA,P04,en,monkey,1
CogMisp24,NA,P04,en,mouth,1
CogMisp24,NA,P04,en,pizza,1
CogMisp24,NA,P04,en,table,1
CogMisp24,NA,P04,en,window,1
CogMisp24,NA,P04,fr,banane,1
CogMisp24,NA,P04,fr,bol,0
CogMisp24,NA,P04,fr,papillon,1
CogMisp24,NA,P04,fr,chocolat,1
CogMisp24,NA,P04,fr,biscuit,1
CogMisp24,NA,P04,fr,pied,1
CogMisp24,NA,P04,fr,girafe,1
CogMisp24,NA,P04,fr,singe,0
CogMisp24,NA,P04,fr,bouche,1
CogMisp24,NA,P04,fr,pizza,1
CogMisp24,NA,P04,fr,table,1
CogMisp24,NA,P04,fr,fenetre,1
CogMisp24,NA,P09,en,banana,1
CogMisp24,NA,P09,en,bowl,1
CogMisp24,NA,P09,en,butterfly,1
CogMisp24,NA,P09,en,chocolate,1
CogMisp24,NA,P09,en,cookie,1
CogMisp24,NA,P09,en,foot,1
CogMisp24,NA,P09,en,giraffe,0
CogMisp24,NA,P09,en,monkey,1
CogMisp24,NA,P09,en,mouth,1
CogMisp24,NA,P09,en,pizza,1
CogMisp24,NA,P09,en,table,1
CogMisp24,NA,P09,en,window,1
CogMisp24,NA,P09,fr,banane,0
CogMisp24,NA,P09,fr,bol,0
CogMisp24,NA,P09,fr,papillon,0
CogMisp24,NA,P09,fr,chocolat,1
CogMisp24,NA,P09,fr,biscuit,1
CogMisp24,NA,P09,fr,pied,0
CogMisp24,NA,P09,fr,girafe,0
CogMisp24,NA,P09,fr,singe,0
CogMisp24,NA,P09,fr,bouche,1
CogMisp24,NA,P09,fr,pizza,1
CogMisp24,NA,P09,fr,table,1
CogMisp24,NA,P09,fr,fenetre,0
CogMisp24,NA,P72,en,banana,1
CogMisp24,NA,P72,en,bowl,1
CogMisp24,NA,P72,en,butterfly,1
CogMisp24,NA,P72,en,chocolate,1
CogMisp24,NA,P72,en,cookie,1
CogMisp24,NA,P72,en,foot,1
CogMisp24,NA,P72,en,giraffe,1
CogMisp24,NA,P72,en,monkey,1
CogMisp24,NA,P72,en,mouth,1
CogMisp24,NA,P72,en,pizza,1
CogMisp24,NA,P72,en,table,1
CogMisp24,NA,P72,en,window,1
CogMisp24,NA,P72,fr,banane,0
CogMisp24,NA,P72,fr,bol,0
CogMisp24,NA,P72,fr,papillon,0
CogMisp24,NA,P72,fr,chocolat,0
CogMisp24,NA,P72,fr,biscuit,0
CogMisp24,NA,P72,fr,pied,0
CogMisp24,NA,P72,fr,girafe,0
CogMisp24,NA,P72,fr,singe,0
CogMisp24,NA,P72,fr,bouche,0
CogMisp24,NA,P72,fr,pizza,0
CogMisp24,NA,P72,fr,table,0
CogMisp24,NA,P72,fr,fenetre,0
CogMisp24,NA,P27,en,banana,1
CogMisp24,NA,P27,en,bowl,1
CogMisp24,NA,P27,en,butterfly,0
CogMisp24,NA,P27,en,chocolate,1
CogMisp24,NA,P27,en,cookie,1
CogMisp24,NA,P27,en,foot,1
CogMisp24,NA,P27,en,giraffe,0
CogMisp24,NA,P27,en,monkey,1
CogMisp24,NA,P27,en,mouth,1
CogMisp24,NA,P27,en,pizza,1
CogMisp24,NA,P27,en,table,1
CogMisp24,NA,P27,en,window,1
CogMisp24,NA,P27,fr,banane,1
CogMisp24,NA,P27,fr,bol,1
CogMisp24,NA,P27,fr,papillon,0
CogMisp24,NA,P27,fr,chocolat,1
CogMisp24,NA,P27,fr,biscuit,1
CogMisp24,NA,P27,fr,pied,1
CogMisp24,NA,P27,fr,girafe,0
CogMisp24,NA,P27,fr,singe,0
CogMisp24,NA,P27,fr,bouche,1
CogMisp24,NA,P27,fr,pizza,1
CogMisp24,NA,P27,fr,table,1
CogMisp24,NA,P27,fr,fenetre,1
CogMisp24,NA,P20,en,banana,1
CogMisp24,NA,P20,en,bowl,1
CogMisp24,NA,P20,en,butterfly,1
CogMisp24,NA,P20,en,chocolate,1
CogMisp24,NA,P20,en,cookie,1
CogMisp24,NA,P20,en,foot,1
CogMisp24,NA,P20,en,giraffe,1
CogMisp24,NA,P20,en,monkey,1
CogMisp24,NA,P20,en,mouth,1
CogMisp24,NA,P20,en,pizza,1
CogMisp24,NA,P20,en,table,1
CogMisp24,NA,P20,en,window,1
CogMisp24,NA,P20,fr,banane,1
CogMisp24,NA,P20,fr,bol,0
CogMisp24,NA,P20,fr,papillon,0
CogMisp24,NA,P20,fr,chocolat,1
CogMisp24,NA,P20,fr,biscuit,0
CogMisp24,NA,P20,fr,pied,0
CogMisp24,NA,P20,fr,girafe,1
CogMisp24,NA,P20,fr,singe,0
CogMisp24,NA,P20,fr,bouche,0
CogMisp24,NA,P20,fr,pizza,1
CogMisp24,NA,P20,fr,table,1
CogMisp24,NA,P20,fr,fenetre,0
CogMisp24,NA,P53,en,banana,1
CogMisp24,NA,P53,en,bowl,1
CogMisp24,NA,P53,en,butterfly,1
CogMisp24,NA,P53,en,chocolate,0
CogMisp24,NA,P53,en,cookie,1
CogMisp24,NA,P53,en,foot,1
CogMisp24,NA,P53,en,giraffe,1
CogMisp24,NA,P53,en,monkey,1
CogMisp24,NA,P53,en,mouth,1
CogMisp24,NA,P53,en,pizza,1
CogMisp24,NA,P53,en,table,1
CogMisp24,NA,P53,en,window,1
CogMisp24,NA,P53,fr,banane,1
CogMisp24,NA,P53,fr,bol,0
CogMisp24,NA,P53,fr,papillon,0
CogMisp24,NA,P53,fr,chocolat,0
CogMisp24,NA,P53,fr,biscuit,0
CogMisp24,NA,P53,fr,pied,0
CogMisp24,NA,P53,fr,girafe,0
CogMisp24,NA,P53,fr,singe,0
CogMisp24,NA,P53,fr,bouche,0
CogMisp24,NA,P53,fr,pizza,1
CogMisp24,NA,P53,fr,table,0
CogMisp24,NA,P53,fr,fenetre,0
CogMisp24,NA,P76,en,banana,1
CogMisp24,NA,P76,en,bowl,1
CogMisp24,NA,P76,en,butterfly,1
CogMisp24,NA,P76,en,chocolate,1
CogMisp24,NA,P76,en,cookie,1
CogMisp24,NA,P76,en,foot,1
CogMisp24,NA,P76,en,giraffe,1
CogMisp24,NA,P76,en,monkey,1
CogMisp24,NA,P76,en,mouth,1
CogMisp24,NA,P76,en,pizza,1
CogMisp24,NA,P76,en,table,1
CogMisp24,NA,P76,en,window,1
CogMisp24,NA,P76,fr,banane,1
CogMisp24,NA,P76,fr,bol,0
CogMisp24,NA,P76,fr,papillon,0
CogMisp24,NA,P76,fr,chocolat,0
CogMisp24,NA,P76,fr,biscuit,1
CogMisp24,NA,P76,fr,pied,1
CogMisp24,NA,P76,fr,girafe,1
CogMisp24,NA,P76,fr,singe,0
CogMisp24,NA,P76,fr,bouche,1
CogMisp24,NA,P76,fr,pizza,1
CogMisp24,NA,P76,fr,table,0
CogMisp24,NA,P76,fr,fenetre,0
CogMisp24,NA,P12,en,banana,1
CogMisp24,NA,P12,en,bowl,1
CogMisp24,NA,P12,en,butterfly,1
CogMisp24,NA,P12,en,chocolate,1
CogMisp24,NA,P12,en,cookie,1
CogMisp24,NA,P12,en,foot,1
CogMisp24,NA,P12,en,giraffe,1
CogMisp24,NA,P12,en,monkey,1
CogMisp24,NA,P12,en,mouth,1
CogMisp24,NA,P12,en,pizza,1
CogMisp24,NA,P12,en,table,1
CogMisp24,NA,P12,en,window,1
CogMisp24,NA,P12,fr,banane,1
CogMisp24,NA,P12,fr,bol,0
CogMisp24,NA,P12,fr,papillon,0
CogMisp24,NA,P12,fr,chocolat,0
CogMisp24,NA,P12,fr,biscuit,0
CogMisp24,NA,P12,fr,pied,0
CogMisp24,NA,P12,fr,girafe,0
CogMisp24,NA,P12,fr,singe,0
CogMisp24,NA,P12,fr,bouche,0
CogMisp24,NA,P12,fr,pizza,1
CogMisp24,NA,P12,fr,table,0
CogMisp24,NA,P12,fr,fenetre,0
CogMisp24,NA,P33,en,banana,1
CogMisp24,NA,P33,en,bowl,1
CogMisp24,NA,P33,en,butterfly,1
CogMisp24,NA,P33,en,chocolate,1
CogMisp24,NA,P33,en,cookie,1
CogMisp24,NA,P33,en,foot,1
CogMisp24,NA,P33,en,giraffe,1
CogMisp24,NA,P33,en,monkey,1
CogMisp24,NA,P33,en,mouth,1
CogMisp24,NA,P33,en,pizza,1
CogMisp24,NA,P33,en,table,1
CogMisp24,NA,P33,en,window,1
CogMisp24,NA,P33,fr,banane,1
CogMisp24,NA,P33,fr,bol,1
CogMisp24,NA,P33,fr,papillon,1
CogMisp24,NA,P33,fr,chocolat,1
CogMisp24,NA,P33,fr,biscuit,1
CogMisp24,NA,P33,fr,pied,1
CogMisp24,NA,P33,fr,girafe,1
CogMisp24,NA,P33,fr,singe,1
CogMisp24,NA,P33,fr,bouche,1
CogMisp24,NA,P33,fr,pizza,1
CogMisp24,NA,P33,fr,table,1
CogMisp24,NA,P33,fr,fenetre,1
CogMisp24,NA,P08,en,banana,1
CogMisp24,NA,P08,en,bowl,1
CogMisp24,NA,P08,en,butterfly,1
CogMisp24,NA,P08,en,chocolate,1
CogMisp24,NA,P08,en,cookie,1
CogMisp24,NA,P08,en,foot,1
CogMisp24,NA,P08,en,giraffe,1
CogMisp24,NA,P08,en,monkey,1
CogMisp24,NA,P08,en,mouth,1
CogMisp24,NA,P08,en,pizza,1
CogMisp24,NA,P08,en,table,1
CogMisp24,NA,P08,en,window,1
CogMisp24,NA,P08,fr,banane,1
CogMisp24,NA,P08,fr,bol,1
CogMisp24,NA,P08,fr,papillon,1
CogMisp24,NA,P08,fr,chocolat,1
CogMisp24,NA,P08,fr,biscuit,1
CogMisp24,NA,P08,fr,pied,1
CogMisp24,NA,P08,fr,girafe,1
CogMisp24,NA,P08,fr,singe,1
CogMisp24,NA,P08,fr,bouche,1
CogMisp24,NA,P08,fr,pizza,1
CogMisp24,NA,P08,fr,table,1
CogMisp24,NA,P08,fr,fenetre,1
CogMisp24,NA,P41,en,banana,1
CogMisp24,NA,P41,en,bowl,1
CogMisp24,NA,P41,en,butterfly,1
CogMisp24,NA,P41,en,chocolate,1
CogMisp24,NA,P41,en,cookie,1
CogMisp24,NA,P41,en,foot,1
CogMisp24,NA,P41,en,giraffe,1
CogMisp24,NA,P41,en,monkey,1
CogMisp24,NA,P41,en,mouth,1
CogMisp24,NA,P41,en,pizza,1
CogMisp24,NA,P41,en,table,1
CogMisp24,NA,P41,en,window,1
CogMisp24,NA,P41,fr,banane,0
CogMisp24,NA,P41,fr,bol,0
CogMisp24,NA,P41,fr,papillon,0
CogMisp24,NA,P41,fr,chocolat,1
CogMisp24,NA,P41,fr,biscuit,0
CogMisp24,NA,P41,fr,pied,0
CogMisp24,NA,P41,fr,girafe,0
CogMisp24,NA,P41,fr,singe,0
CogMisp24,NA,P41,fr,bouche,0
CogMisp24,NA,P41,fr,pizza,1
CogMisp24,NA,P41,fr,table,0
CogMisp24,NA,P41,fr,fenetre,0
CogMisp24,NA,P03,en,banana,1
CogMisp24,NA,P03,en,bowl,1
CogMisp24,NA,P03,en,butterfly,1
CogMisp24,NA,P03,en,chocolate,1
CogMisp24,NA,P03,en,cookie,1
CogMisp24,NA,P03,en,foot,1
CogMisp24,NA,P03,en,giraffe,1
CogMisp24,NA,P03,en,monkey,1
CogMisp24,NA,P03,en,mouth,1
CogMisp24,NA,P03,en,pizza,1
CogMisp24,NA,P03,en,table,1
CogMisp24,NA,P03,en,window,1
CogMisp24,NA,P03,fr,banane,1
CogMisp24,NA,P03,fr,bol,0
CogMisp24,NA,P03,fr,papillon,1
CogMisp24,NA,P03,fr,chocolat,1
CogMisp24,NA,P03,fr,biscuit,1
CogMisp24,NA,P03,fr,pied,1
CogMisp24,NA,P03,fr,girafe,0
CogMisp24,NA,P03,fr,singe,0
CogMisp24,NA,P03,fr,bouche,0
CogMisp24,NA,P03,fr,pizza,1
CogMisp24,NA,P03,fr,table,1
CogMisp24,NA,P03,fr,fenetre,1
CogMisp24,NA,P01,en,banana,1
CogMisp24,NA,P01,en,bowl,1
CogMisp24,NA,P01,en,butterfly,1
CogMisp24,NA,P01,en,chocolate,1
CogMisp24,NA,P01,en,cookie,1
CogMisp24,NA,P01,en,foot,1
CogMisp24,NA,P01,en,giraffe,1
CogMisp24,NA,P01,en,monkey,1
CogMisp24,NA,P01,en,mouth,1
CogMisp24,NA,P01,en,pizza,1
CogMisp24,NA,P01,en,table,1
CogMisp24,NA,P01,en,window,1
CogMisp24,NA,P01,fr,banane,1
CogMisp24,NA,P01,fr,bol,1
CogMisp24,NA,P01,fr,papillon,1
CogMisp24,NA,P01,fr,chocolat,1
CogMisp24,NA,P01,fr,biscuit,1
CogMisp24,NA,P01,fr,pied,1
CogMisp24,NA,P01,fr,girafe,1
CogMisp24,NA,P01,fr,singe,1
CogMisp24,NA,P01,fr,bouche,1
CogMisp24,NA,P01,fr,pizza,1
CogMisp24,NA,P01,fr,table,1
CogMisp24,NA,P01,fr,fenetre,0
CogMisp24,NA,P17,en,banana,1
CogMisp24,NA,P17,en,bowl,1
CogMisp24,NA,P17,en,butterfly,1
CogMisp24,NA,P17,en,chocolate,1
CogMisp24,NA,P17,en,cookie,1
CogMisp24,NA,P17,en,foot,1
CogMisp24,NA,P17,en,giraffe,1
CogMisp24,NA,P17,en,monkey,1
CogMisp24,NA,P17,en,mouth,1
CogMisp24,NA,P17,en,pizza,1
CogMisp24,NA,P17,en,table,1
CogMisp24,NA,P17,en,window,1
CogMisp24,NA,P17,fr,banane,0
CogMisp24,NA,P17,fr,bol,0
CogMisp24,NA,P17,fr,papillon,0
CogMisp24,NA,P17,fr,chocolat,0
CogMisp24,NA,P17,fr,biscuit,0
CogMisp24,NA,P17,fr,pied,0
CogMisp24,NA,P17,fr,girafe,0
CogMisp24,NA,P17,fr,singe,0
CogMisp24,NA,P17,fr,bouche,0
CogMisp24,NA,P17,fr,pizza,0
CogMisp24,NA,P17,fr,table,0
CogMisp24,NA,P17,fr,fenetre,0
CogMisp24,NA,P28,en,banana,1
CogMisp24,NA,P28,en,bowl,1
CogMisp24,NA,P28,en,butterfly,0
CogMisp24,NA,P28,en,chocolate,0
CogMisp24,NA,P28,en,cookie,1
CogMisp24,NA,P28,en,foot,0
CogMisp24,NA,P28,en,giraffe,1
CogMisp24,NA,P28,en,monkey,0
CogMisp24,NA,P28,en,mouth,1
CogMisp24,NA,P28,en,pizza,1
CogMisp24,NA,P28,en,table,1
CogMisp24,NA,P28,en,window,0
CogMisp24,NA,P28,fr,banane,1
CogMisp24,NA,P28,fr,bol,1
CogMisp24,NA,P28,fr,papillon,1
CogMisp24,NA,P28,fr,chocolat,0
CogMisp24,NA,P28,fr,biscuit,1
CogMisp24,NA,P28,fr,pied,1
CogMisp24,NA,P28,fr,girafe,1
CogMisp24,NA,P28,fr,singe,1
CogMisp24,NA,P28,fr,bouche,1
CogMisp24,NA,P28,fr,pizza,1
CogMisp24,NA,P28,fr,table,1
CogMisp24,NA,P28,fr,fenetre,1
CogMisp24,NA,P59,en,banana,1
CogMisp24,NA,P59,en,bowl,1
CogMisp24,NA,P59,en,butterfly,1
CogMisp24,NA,P59,en,chocolate,1
CogMisp24,NA,P59,en,cookie,1
CogMisp24,NA,P59,en,foot,1
CogMisp24,NA,P59,en,giraffe,1
CogMisp24,NA,P59,en,monkey,1
CogMisp24,NA,P59,en,mouth,1
CogMisp24,NA,P59,en,pizza,1
CogMisp24,NA,P59,en,table,1
CogMisp24,NA,P59,en,window,1
CogMisp24,NA,P59,fr,banane,1
CogMisp24,NA,P59,fr,bol,1
CogMisp24,NA,P59,fr,papillon,1
CogMisp24,NA,P59,fr,chocolat,1
CogMisp24,NA,P59,fr,biscuit,1
CogMisp24,NA,P59,fr,pied,1
CogMisp24,NA,P59,fr,girafe,1
CogMisp24,NA,P59,fr,singe,1
CogMisp24,NA,P59,fr,bouche,1
CogMisp24,NA,P59,fr,pizza,1
CogMisp24,NA,P59,fr,table,1
CogMisp24,NA,P59,fr,fenetre,1
CogMisp24,NA,P06,en,banana,1
CogMisp24,NA,P06,en,bowl,1
CogMisp24,NA,P06,en,butterfly,1
CogMisp24,NA,P06,en,chocolate,1
CogMisp24,NA,P06,en,cookie,1
CogMisp24,NA,P06,en,foot,1
CogMisp24,NA,P06,en,giraffe,1
CogMisp24,NA,P06,en,monkey,1
CogMisp24,NA,P06,en,mouth,1
CogMisp24,NA,P06,en,pizza,1
CogMisp24,NA,P06,en,table,1
CogMisp24,NA,P06,en,window,0
CogMisp24,NA,P06,fr,banane,1
CogMisp24,NA,P06,fr,bol,1
CogMisp24,NA,P06,fr,papillon,0
CogMisp24,NA,P06,fr,chocolat,1
CogMisp24,NA,P06,fr,biscuit,1
CogMisp24,NA,P06,fr,pied,1
CogMisp24,NA,P06,fr,girafe,1
CogMisp24,NA,P06,fr,singe,0
CogMisp24,NA,P06,fr,bouche,1
CogMisp24,NA,P06,fr,pizza,1
CogMisp24,NA,P06,fr,table,1
CogMisp24,NA,P06,fr,fenetre,0
CogMisp24,NA,P46,en,banana,1
CogMisp24,NA,P46,en,bowl,1
CogMisp24,NA,P46,en,butterfly,1
CogMisp24,NA,P46,en,chocolate,1
CogMisp24,NA,P46,en,cookie,1
CogMisp24,NA,P46,en,foot,1
CogMisp24,NA,P46,en,giraffe,1
CogMisp24,NA,P46,en,monkey,1
CogMisp24,NA,P46,en,mouth,1
CogMisp24,NA,P46,en,pizza,1
CogMisp24,NA,P46,en,table,1
CogMisp24,NA,P46,en,window,1
CogMisp24,NA,P46,fr,banane,1
CogMisp24,NA,P46,fr,bol,1
CogMisp24,NA,P46,fr,papillon,0
CogMisp24,NA,P46,fr,chocolat,1
CogMisp24,NA,P46,fr,biscuit,0
CogMisp24,NA,P46,fr,pied,0
CogMisp24,NA,P46,fr,girafe,1
CogMisp24,NA,P46,fr,singe,0
CogMisp24,NA,P46,fr,bouche,0
CogMisp24,NA,P46,fr,pizza,1
CogMisp24,NA,P46,fr,table,0
CogMisp24,NA,P46,fr,fenetre,0
CogMisp24,NA,P30,en,banana,1
CogMisp24,NA,P30,en,bowl,1
CogMisp24,NA,P30,en,butterfly,1
CogMisp24,NA,P30,en,chocolate,1
CogMisp24,NA,P30,en,cookie,1
CogMisp24,NA,P30,en,foot,1
CogMisp24,NA,P30,en,giraffe,1
CogMisp24,NA,P30,en,monkey,1
CogMisp24,NA,P30,en,mouth,1
CogMisp24,NA,P30,en,pizza,1
CogMisp24,NA,P30,en,table,1
CogMisp24,NA,P30,en,window,1
CogMisp24,NA,P30,fr,banane,1
CogMisp24,NA,P30,fr,bol,0
CogMisp24,NA,P30,fr,papillon,0
CogMisp24,NA,P30,fr,chocolat,0
CogMisp24,NA,P30,fr,biscuit,0
CogMisp24,NA,P30,fr,pied,0
CogMisp24,NA,P30,fr,girafe,0
CogMisp24,NA,P30,fr,singe,0
CogMisp24,NA,P30,fr,bouche,0
CogMisp24,NA,P30,fr,pizza,0
CogMisp24,NA,P30,fr,table,0
CogMisp24,NA,P30,fr,fenetre,0
CogMisp24,NA,P45,en,banana,1
CogMisp24,NA,P45,en,bowl,1
CogMisp24,NA,P45,en,butterfly,1
CogMisp24,NA,P45,en,chocolate,0
CogMisp24,NA,P45,en,cookie,1
CogMisp24,NA,P45,en,foot,1
CogMisp24,NA,P45,en,giraffe,1
CogMisp24,NA,P45,en,monkey,1
CogMisp24,NA,P45,en,mouth,1
CogMisp24,NA,P45,en,pizza,1
CogMisp24,NA,P45,en,table,1
CogMisp24,NA,P45,en,window,0
CogMisp24,NA,P45,fr,banane,1
CogMisp24,NA,P45,fr,bol,1
CogMisp24,NA,P45,fr,papillon,0
CogMisp24,NA,P45,fr,chocolat,0
CogMisp24,NA,P45,fr,biscuit,0
CogMisp24,NA,P45,fr,pied,0
CogMisp24,NA,P45,fr,girafe,0
CogMisp24,NA,P45,fr,singe,0
CogMisp24,NA,P45,fr,bouche,1
CogMisp24,NA,P45,fr,pizza,1
CogMisp24,NA,P45,fr,table,0
CogMisp24,NA,P45,fr,fenetre,0
CogMisp24,NA,P47,en,banana,1
CogMisp24,NA,P47,en,bowl,1
CogMisp24,NA,P47,en,butterfly,0
CogMisp24,NA,P47,en,chocolate,0
CogMisp24,NA,P47,en,cookie,1
CogMisp24,NA,P47,en,foot,1
CogMisp24,NA,P47,en,giraffe,1
CogMisp24,NA,P47,en,monkey,1
CogMisp24,NA,P47,en,mouth,1
CogMisp24,NA,P47,en,pizza,1
CogMisp24,NA,P47,en,table,1
CogMisp24,NA,P47,en,window,1
CogMisp24,NA,P47,fr,banane,1
CogMisp24,NA,P47,fr,bol,1
CogMisp24,NA,P47,fr,papillon,1
CogMisp24,NA,P47,fr,chocolat,0
CogMisp24,NA,P47,fr,biscuit,1
CogMisp24,NA,P47,fr,pied,1
CogMisp24,NA,P47,fr,girafe,1
CogMisp24,NA,P47,fr,singe,1
CogMisp24,NA,P47,fr,bouche,1
CogMisp24,NA,P47,fr,pizza,1
CogMisp24,NA,P47,fr,table,1
CogMisp24,NA,P47,fr,fenetre,1
CogMisp24,NA,P61,en,banana,1
CogMisp24,NA,P61,en,bowl,1
CogMisp24,NA,P61,en,butterfly,1
CogMisp24,NA,P61,en,chocolate,1
CogMisp24,NA,P61,en,cookie,1
CogMisp24,NA,P61,en,foot,1
CogMisp24,NA,P61,en,giraffe,1
CogMisp24,NA,P61,en,monkey,1
CogMisp24,NA,P61,en,mouth,1
CogMisp24,NA,P61,en,pizza,1
CogMisp24,NA,P61,en,table,1
CogMisp24,NA,P61,en,window,1
CogMisp24,NA,P61,fr,banane,1
CogMisp24,NA,P61,fr,bol,1
CogMisp24,NA,P61,fr,papillon,1
CogMisp24,NA,P61,fr,chocolat,1
CogMisp24,NA,P61,fr,biscuit,1
CogMisp24,NA,P61,fr,pied,0
CogMisp24,NA,P61,fr,girafe,1
CogMisp24,NA,P61,fr,singe,0
CogMisp24,NA,P61,fr,bouche,1
CogMisp24,NA,P61,fr,pizza,1
CogMisp24,NA,P61,fr,table,1
CogMisp24,NA,P61,fr,fenetre,1
CogMisp24,NA,P58,en,banana,1
CogMisp24,NA,P58,en,bowl,1
CogMisp24,NA,P58,en,butterfly,1
CogMisp24,NA,P58,en,chocolate,1
CogMisp24,NA,P58,en,cookie,1
CogMisp24,NA,P58,en,foot,1
CogMisp24,NA,P58,en,giraffe,1
CogMisp24,NA,P58,en,monkey,1
CogMisp24,NA,P58,en,mouth,1
CogMisp24,NA,P58,en,pizza,1
CogMisp24,NA,P58,en,table,1
CogMisp24,NA,P58,en,window,1
CogMisp24,NA,P58,fr,banane,1
CogMisp24,NA,P58,fr,bol,1
CogMisp24,NA,P58,fr,papillon,1
CogMisp24,NA,P58,fr,chocolat,1
CogMisp24,NA,P58,fr,biscuit,1
CogMisp24,NA,P58,fr,pied,1
CogMisp24,NA,P58,fr,girafe,1
CogMisp24,NA,P58,fr,singe,1
CogMisp24,NA,P58,fr,bouche,1
CogMisp24,NA,P58,fr,pizza,1
CogMisp24,NA,P58,fr,table,1
CogMisp24,NA,P58,fr,fenetre,1
CogMisp24,NA,P68,en,banana,1
CogMisp24,NA,P68,en,bowl,1
CogMisp24,NA,P68,en,butterfly,1
CogMisp24,NA,P68,en,chocolate,1
CogMisp24,NA,P68,en,cookie,1
CogMisp24,NA,P68,en,foot,1
CogMisp24,NA,P68,en,giraffe,1
CogMisp24,NA,P68,en,monkey,1
CogMisp24,NA,P68,en,mouth,1
CogMisp24,NA,P68,en,pizza,1
CogMisp24,NA,P68,en,table,1
CogMisp24,NA,P68,en,window,0
CogMisp24,NA,P68,fr,banane,1
CogMisp24,NA,P68,fr,bol,1
CogMisp24,NA,P68,fr,papillon,1
CogMisp24,NA,P68,fr,chocolat,1
CogMisp24,NA,P68,fr,biscuit,1
CogMisp24,NA,P68,fr,pied,1
CogMisp24,NA,P68,fr,girafe,1
CogMisp24,NA,P68,fr,singe,1
CogMisp24,NA,P68,fr,bouche,1
CogMisp24,NA,P68,fr,pizza,1
CogMisp24,NA,P68,fr,table,1
CogMisp24,NA,P68,fr,fenetre,1
CogMisp24,NA,P05,en,banana,1
CogMisp24,NA,P05,en,bowl,0
CogMisp24,NA,P05,en,butterfly,1
CogMisp24,NA,P05,en,chocolate,1
CogMisp24,NA,P05,en,cookie,1
CogMisp24,NA,P05,en,foot,0
CogMisp24,NA,P05,en,giraffe,1
CogMisp24,NA,P05,en,monkey,1
CogMisp24,NA,P05,en,mouth,1
CogMisp24,NA,P05,en,pizza,1
CogMisp24,NA,P05,en,table,1
CogMisp24,NA,P05,en,window,0
CogMisp24,NA,P05,fr,banane,1
CogMisp24,NA,P05,fr,bol,1
CogMisp24,NA,P05,fr,papillon,1
CogMisp24,NA,P05,fr,chocolat,1
CogMisp24,NA,P05,fr,biscuit,1
CogMisp24,NA,P05,fr,pied,1
CogMisp24,NA,P05,fr,girafe,1
CogMisp24,NA,P05,fr,singe,0
CogMisp24,NA,P05,fr,bouche,1
CogMisp24,NA,P05,fr,pizza,1
CogMisp24,NA,P05,fr,table,1
CogMisp24,NA,P05,fr,fenetre,1
CogMisp24,NA,P37,en,banana,1
CogMisp24,NA,P37,en,bowl,1
CogMisp24,NA,P37,en,butterfly,1
CogMisp24,NA,P37,en,chocolate,1
CogMisp24,NA,P37,en,cookie,1
CogMisp24,NA,P37,en,foot,1
CogMisp24,NA,P37,en,giraffe,1
CogMisp24,NA,P37,en,monkey,1
CogMisp24,NA,P37,en,mouth,1
CogMisp24,NA,P37,en,pizza,1
CogMisp24,NA,P37,en,table,1
CogMisp24,NA,P37,en,window,1
CogMisp24,NA,P37,fr,banane,1
CogMisp24,NA,P37,fr,bol,1
CogMisp24,NA,P37,fr,papillon,1
CogMisp24,NA,P37,fr,chocolat,1
CogMisp24,NA,P37,fr,biscuit,1
CogMisp24,NA,P37,fr,pied,1
CogMisp24,NA,P37,fr,girafe,1
CogMisp24,NA,P37,fr,singe,1
CogMisp24,NA,P37,fr,bouche,1
CogMisp24,NA,P37,fr,pizza,1
CogMisp24,NA,P37,fr,table,1
CogMisp24,NA,P37,fr,fenetre,1
CogMisp24,NA,P43,en,banana,1
CogMisp24,NA,P43,en,bowl,1
CogMisp24,NA,P43,en,butterfly,1
CogMisp24,NA,P43,en,chocolate,1
CogMisp24,NA,P43,en,cookie,1
CogMisp24,NA,P43,en,foot,1
CogMisp24,NA,P43,en,giraffe,1
CogMisp24,NA,P43,en,monkey,1
CogMisp24,NA,P43,en,mouth,1
CogMisp24,NA,P43,en,pizza,1
CogMisp24,NA,P43,en,table,1
CogMisp24,NA,P43,en,window,1
CogMisp24,NA,P43,fr,banane,1
CogMisp24,NA,P43,fr,bol,1
CogMisp24,NA,P43,fr,papillon,1
CogMisp24,NA,P43,fr,chocolat,1
CogMisp24,NA,P43,fr,biscuit,0
CogMisp24,NA,P43,fr,pied,0
CogMisp24,NA,P43,fr,girafe,1
CogMisp24,NA,P43,fr,singe,1
CogMisp24,NA,P43,fr,bouche,1
CogMisp24,NA,P43,fr,pizza,1
CogMisp24,NA,P43,fr,table,1
CogMisp24,NA,P43,fr,fenetre,0
CogMisp24,NA,P52,en,banana,1
CogMisp24,NA,P52,en,bowl,1
CogMisp24,NA,P52,en,butterfly,1
CogMisp24,NA,P52,en,chocolate,1
CogMisp24,NA,P52,en,cookie,1
CogMisp24,NA,P52,en,foot,1
CogMisp24,NA,P52,en,giraffe,1
CogMisp24,NA,P52,en,monkey,1
CogMisp24,NA,P52,en,mouth,1
CogMisp24,NA,P52,en,pizza,1
CogMisp24,NA,P52,en,table,1
CogMisp24,NA,P52,en,window,1
CogMisp24,NA,P52,fr,banane,1
CogMisp24,NA,P52,fr,bol,0
CogMisp24,NA,P52,fr,papillon,1
CogMisp24,NA,P52,fr,chocolat,1
CogMisp24,NA,P52,fr,biscuit,0
CogMisp24,NA,P52,fr,pied,0
CogMisp24,NA,P52,fr,girafe,1
CogMisp24,NA,P52,fr,singe,0
CogMisp24,NA,P52,fr,bouche,1
CogMisp24,NA,P52,fr,pizza,1
CogMisp24,NA,P52,fr,table,0
CogMisp24,NA,P52,fr,fenetre,0
CogMisp24,NA,P19,en,banana,1
CogMisp24,NA,P19,en,bowl,1
CogMisp24,NA,P19,en,butterfly,1
CogMisp24,NA,P19,en,chocolate,1
CogMisp24,NA,P19,en,cookie,1
CogMisp24,NA,P19,en,foot,1
CogMisp24,NA,P19,en,giraffe,1
CogMisp24,NA,P19,en,monkey,1
CogMisp24,NA,P19,en,mouth,1
CogMisp24,NA,P19,en,pizza,1
CogMisp24,NA,P19,en,table,1
CogMisp24,NA,P19,en,window,1
CogMisp24,NA,P19,fr,banane,1
CogMisp24,NA,P19,fr,bol,1
CogMisp24,NA,P19,fr,papillon,1
CogMisp24,NA,P19,fr,chocolat,1
CogMisp24,NA,P19,fr,biscuit,1
CogMisp24,NA,P19,fr,pied,1
CogMisp24,NA,P19,fr,girafe,1
CogMisp24,NA,P19,fr,singe,1
CogMisp24,NA,P19,fr,bouche,1
CogMisp24,NA,P19,fr,pizza,1
CogMisp24,NA,P19,fr,table,1
CogMisp24,NA,P19,fr,fenetre,1
CogMisp24,NA,P62,en,banana,1
CogMisp24,NA,P62,en,bowl,0
CogMisp24,NA,P62,en,butterfly,1
CogMisp24,NA,P62,en,chocolate,1
CogMisp24,NA,P62,en,cookie,1
CogMisp24,NA,P62,en,foot,1
CogMisp24,NA,P62,en,giraffe,1
CogMisp24,NA,P62,en,monkey,1
CogMisp24,NA,P62,en,mouth,1
CogMisp24,NA,P62,en,pizza,1
CogMisp24,NA,P62,en,table,1
CogMisp24,NA,P62,en,window,1
CogMisp24,NA,P62,fr,banane,1
CogMisp24,NA,P62,fr,bol,0
CogMisp24,NA,P62,fr,papillon,1
CogMisp24,NA,P62,fr,chocolat,1
CogMisp24,NA,P62,fr,biscuit,1
CogMisp24,NA,P62,fr,pied,1
CogMisp24,NA,P62,fr,girafe,1
CogMisp24,NA,P62,fr,singe,1
CogMisp24,NA,P62,fr,bouche,1
CogMisp24,NA,P62,fr,pizza,1
CogMisp24,NA,P62,fr,table,1
CogMisp24,NA,P62,fr,fenetre,1
CogMisp24,NA,P21,en,banana,1
CogMisp24,NA,P21,en,bowl,1
CogMisp24,NA,P21,en,butterfly,1
CogMisp24,NA,P21,en,chocolate,1
CogMisp24,NA,P21,en,cookie,1
CogMisp24,NA,P21,en,foot,1
CogMisp24,NA,P21,en,giraffe,1
CogMisp24,NA,P21,en,monkey,1
CogMisp24,NA,P21,en,mouth,1
CogMisp24,NA,P21,en,pizza,1
CogMisp24,NA,P21,en,table,1
CogMisp24,NA,P21,en,window,1
CogMisp24,NA,P21,fr,banane,0
CogMisp24,NA,P21,fr,bol,0
CogMisp24,NA,P21,fr,papillon,0
CogMisp24,NA,P21,fr,chocolat,0
CogMisp24,NA,P21,fr,biscuit,0
CogMisp24,NA,P21,fr,pied,0
CogMisp24,NA,P21,fr,girafe,0
CogMisp24,NA,P21,fr,singe,0
CogMisp24,NA,P21,fr,bouche,0
CogMisp24,NA,P21,fr,pizza,0
CogMisp24,NA,P21,fr,table,0
CogMisp24,NA,P21,fr,fenetre,0
CogMisp24,NA,P64,en,banana,1
CogMisp24,NA,P64,en,bowl,1
CogMisp24,NA,P64,en,butterfly,0
CogMisp24,NA,P64,en,chocolate,1
CogMisp24,NA,P64,en,cookie,1
CogMisp24,NA,P64,en,foot,1
CogMisp24,NA,P64,en,giraffe,1
CogMisp24,NA,P64,en,monkey,1
CogMisp24,NA,P64,en,mouth,1
CogMisp24,NA,P64,en,pizza,1
CogMisp24,NA,P64,en,table,1
CogMisp24,NA,P64,en,window,1
CogMisp24,NA,P64,fr,banane,1
CogMisp24,NA,P64,fr,bol,1
CogMisp24,NA,P64,fr,papillon,0
CogMisp24,NA,P64,fr,chocolat,0
CogMisp24,NA,P64,fr,biscuit,0
CogMisp24,NA,P64,fr,pied,1
CogMisp24,NA,P64,fr,girafe,1
CogMisp24,NA,P64,fr,singe,0
CogMisp24,NA,P64,fr,bouche,1
CogMisp24,NA,P64,fr,pizza,1
CogMisp24,NA,P64,fr,table,1
CogMisp24,NA,P64,fr,fenetre,0
CogMisp24,NA,P39,en,banana,1
CogMisp24,NA,P39,en,bowl,0
CogMisp24,NA,P39,en,butterfly,0
CogMisp24,NA,P39,en,chocolate,0
CogMisp24,NA,P39,en,cookie,1
CogMisp24,NA,P39,en,foot,1
CogMisp24,NA,P39,en,giraffe,0
CogMisp24,NA,P39,en,monkey,0
CogMisp24,NA,P39,en,mouth,1
CogMisp24,NA,P39,en,pizza,1
CogMisp24,NA,P39,en,table,1
CogMisp24,NA,P39,en,window,1
CogMisp24,NA,P39,fr,banane,1
CogMisp24,NA,P39,fr,bol,0
CogMisp24,NA,P39,fr,papillon,0
CogMisp24,NA,P39,fr,chocolat,0
CogMisp24,NA,P39,fr,biscuit,1
CogMisp24,NA,P39,fr,pied,1
CogMisp24,NA,P39,fr,girafe,0
CogMisp24,NA,P39,fr,singe,0
CogMisp24,NA,P39,fr,bouche,1
CogMisp24,NA,P39,fr,pizza,1
CogMisp24,NA,P39,fr,table,1
CogMisp24,NA,P39,fr,fenetre,1
CogMisp24,NA,P31,en,banana,1
CogMisp24,NA,P31,en,bowl,1
CogMisp24,NA,P31,en,butterfly,1
CogMisp24,NA,P31,en,chocolate,1
CogMisp24,NA,P31,en,cookie,1
CogMisp24,NA,P31,en,foot,1
CogMisp24,NA,P31,en,giraffe,1
CogMisp24,NA,P31,en,monkey,1
CogMisp24,NA,P31,en,mouth,1
CogMisp24,NA,P31,en,pizza,1
CogMisp24,NA,P31,en,table,1
CogMisp24,NA,P31,en,window,1
CogMisp24,NA,P31,fr,banane,1
CogMisp24,NA,P31,fr,bol,1
CogMisp24,NA,P31,fr,papillon,0
CogMisp24,NA,P31,fr,chocolat,1
CogMisp24,NA,P31,fr,biscuit,1
CogMisp24,NA,P31,fr,pied,0
CogMisp24,NA,P31,fr,girafe,0
CogMisp24,NA,P31,fr,singe,0
CogMisp24,NA,P31,fr,bouche,1
CogMisp24,NA,P31,fr,pizza,1
CogMisp24,NA,P31,fr,table,1
CogMisp24,NA,P31,fr,fenetre,1
CogMisp24,NA,P24,en,banana,1
CogMisp24,NA,P24,en,bowl,1
CogMisp24,NA,P24,en,butterfly,1
CogMisp24,NA,P24,en,chocolate,1
CogMisp24,NA,P24,en,cookie,1
CogMisp24,NA,P24,en,foot,1
CogMisp24,NA,P24,en,giraffe,1
CogMisp24,NA,P24,en,monkey,1
CogMisp24,NA,P24,en,mouth,1
CogMisp24,NA,P24,en,pizza,1
CogMisp24,NA,P24,en,table,1
CogMisp24,NA,P24,en,window,1
CogMisp24,NA,P24,fr,banane,1
CogMisp24,NA,P24,fr,bol,0
CogMisp24,NA,P24,fr,papillon,0
CogMisp24,NA,P24,fr,chocolat,0
CogMisp24,NA,P24,fr,biscuit,1
CogMisp24,NA,P24,fr,pied,0
CogMisp24,NA,P24,fr,girafe,0
CogMisp24,NA,P24,fr,singe,0
CogMisp24,NA,P24,fr,bouche,0
CogMisp24,NA,P24,fr,pizza,0
CogMisp24,NA,P24,fr,table,0
CogMisp24,NA,P24,fr,fenetre,0
CogMisp24,NA,P66,en,banana,1
CogMisp24,NA,P66,en,bowl,1
CogMisp24,NA,P66,en,butterfly,1
CogMisp24,NA,P66,en,chocolate,1
CogMisp24,NA,P66,en,cookie,1
CogMisp24,NA,P66,en,foot,1
CogMisp24,NA,P66,en,giraffe,1
CogMisp24,NA,P66,en,monkey,1
CogMisp24,NA,P66,en,mouth,1
CogMisp24,NA,P66,en,pizza,1
CogMisp24,NA,P66,en,table,1
CogMisp24,NA,P66,en,window,0
CogMisp24,NA,P66,fr,banane,1
CogMisp24,NA,P66,fr,bol,1
CogMisp24,NA,P66,fr,papillon,1
CogMisp24,NA,P66,fr,chocolat,1
CogMisp24,NA,P66,fr,biscuit,1
CogMisp24,NA,P66,fr,pied,1
CogMisp24,NA,P66,fr,girafe,1
CogMisp24,NA,P66,fr,singe,1
CogMisp24,NA,P66,fr,bouche,1
CogMisp24,NA,P66,fr,pizza,1
CogMisp24,NA,P66,fr,table,1
CogMisp24,NA,P66,fr,fenetre,1
CogMisp24,NA,P18,en,banana,1
CogMisp24,NA,P18,en,bowl,1
CogMisp24,NA,P18,en,butterfly,1
CogMisp24,NA,P18,en,chocolate,1
CogMisp24,NA,P18,en,cookie,1
CogMisp24,NA,P18,en,foot,1
CogMisp24,NA,P18,en,giraffe,1
CogMisp24,NA,P18,en,monkey,1
CogMisp24,NA,P18,en,mouth,1
CogMisp24,NA,P18,en,pizza,1
CogMisp24,NA,P18,en,table,1
CogMisp24,NA,P18,en,window,1
CogMisp24,NA,P18,fr,banane,1
CogMisp24,NA,P18,fr,bol,1
CogMisp24,NA,P18,fr,papillon,1
CogMisp24,NA,P18,fr,chocolat,1
CogMisp24,NA,P18,fr,biscuit,1
CogMisp24,NA,P18,fr,pied,1
CogMisp24,NA,P18,fr,girafe,1
CogMisp24,NA,P18,fr,singe,0
CogMisp24,NA,P18,fr,bouche,1
CogMisp24,NA,P18,fr,pizza,1
CogMisp24,NA,P18,fr,table,1
CogMisp24,NA,P18,fr,fenetre,0
CogMisp24,NA,P49,en,banana,1
CogMisp24,NA,P49,en,bowl,1
CogMisp24,NA,P49,en,butterfly,1
CogMisp24,NA,P49,en,chocolate,1
CogMisp24,NA,P49,en,cookie,1
CogMisp24,NA,P49,en,foot,1
CogMisp24,NA,P49,en,giraffe,1
CogMisp24,NA,P49,en,monkey,1
CogMisp24,NA,P49,en,mouth,1
CogMisp24,NA,P49,en,pizza,1
CogMisp24,NA,P49,en,table,1
CogMisp24,NA,P49,en,window,1
CogMisp24,NA,P49,fr,banane,1
CogMisp24,NA,P49,fr,bol,0
CogMisp24,NA,P49,fr,papillon,0
CogMisp24,NA,P49,fr,chocolat,1
CogMisp24,NA,P49,fr,biscuit,0
CogMisp24,NA,P49,fr,pied,1
CogMisp24,NA,P49,fr,girafe,1
CogMisp24,NA,P49,fr,singe,0
CogMisp24,NA,P49,fr,bouche,1
CogMisp24,NA,P49,fr,pizza,1
CogMisp24,NA,P49,fr,table,1
CogMisp24,NA,P49,fr,fenetre,0
CogMisp24,NA,P54,en,banana,1
CogMisp24,NA,P54,en,bowl,1
CogMisp24,NA,P54,en,butterfly,1
CogMisp24,NA,P54,en,chocolate,0
CogMisp24,NA,P54,en,cookie,0
CogMisp24,NA,P54,en,foot,1
CogMisp24,NA,P54,en,giraffe,0
CogMisp24,NA,P54,en,monkey,0
CogMisp24,NA,P54,en,mouth,1
CogMisp24,NA,P54,en,pizza,1
CogMisp24,NA,P54,en,table,0
CogMisp24,NA,P54,en,window,0
CogMisp24,NA,P54,fr,banane,1
CogMisp24,NA,P54,fr,bol,1
CogMisp24,NA,P54,fr,papillon,1
CogMisp24,NA,P54,fr,chocolat,1
CogMisp24,NA,P54,fr,biscuit,1
CogMisp24,NA,P54,fr,pied,1
CogMisp24,NA,P54,fr,girafe,1
CogMisp24,NA,P54,fr,singe,1
CogMisp24,NA,P54,fr,bouche,1
CogMisp24,NA,P54,fr,pizza,1
CogMisp24,NA,P54,fr,table,1
CogMisp24,NA,P54,fr,fenetre,1
CogMisp24,NA,P14,en,banana,1
CogMisp24,NA,P14,en,bowl,1
CogMisp24,NA,P14,en,butterfly,0
CogMisp24,NA,P14,en,chocolate,1
CogMisp24,NA,P14,en,cookie,1
CogMisp24,NA,P14,en,foot,1
CogMisp24,NA,P14,en,giraffe,1
CogMisp24,NA,P14,en,monkey,1
CogMisp24,NA,P14,en,mouth,1
CogMisp24,NA,P14,en,pizza,1
CogMisp24,NA,P14,en,table,1
CogMisp24,NA,P14,en,window,1
CogMisp24,NA,P14,fr,banane,1
CogMisp24,NA,P14,fr,bol,1
CogMisp24,NA,P14,fr,papillon,1
CogMisp24,NA,P14,fr,chocolat,1
CogMisp24,NA,P14,fr,biscuit,1
CogMisp24,NA,P14,fr,pied,1
CogMisp24,NA,P14,fr,girafe,1
CogMisp24,NA,P14,fr,singe,1
CogMisp24,NA,P14,fr,bouche,1
CogMisp24,NA,P14,fr,pizza,1
CogMisp24,NA,P14,fr,table,1
CogMisp24,NA,P14,fr,fenetre,1
CogMisp24,NA,P65,en,banana,1
CogMisp24,NA,P65,en,bowl,1
CogMisp24,NA,P65,en,butterfly,0
CogMisp24,NA,P65,en,chocolate,1
CogMisp24,NA,P65,en,cookie,1
CogMisp24,NA,P65,en,foot,1
CogMisp24,NA,P65,en,giraffe,1
CogMisp24,NA,P65,en,monkey,1
CogMisp24,NA,P65,en,mouth,1
CogMisp24,NA,P65,en,pizza,1
CogMisp24,NA,P65,en,table,1
CogMisp24,NA,P65,en,window,1
CogMisp24,NA,P65,fr,banane,1
CogMisp24,NA,P65,fr,bol,1
CogMisp24,NA,P65,fr,papillon,0
CogMisp24,NA,P65,fr,chocolat,1
CogMisp24,NA,P65,fr,biscuit,1
CogMisp24,NA,P65,fr,pied,1
CogMisp24,NA,P65,fr,girafe,0
CogMisp24,NA,P65,fr,singe,0
CogMisp24,NA,P65,fr,bouche,1
CogMisp24,NA,P65,fr,pizza,1
CogMisp24,NA,P65,fr,table,1
CogMisp24,NA,P65,fr,fenetre,1
CogMisp24,NA,P16,en,banana,1
CogMisp24,NA,P16,en,bowl,1
CogMisp24,NA,P16,en,butterfly,1
CogMisp24,NA,P16,en,chocolate,1
CogMisp24,NA,P16,en,cookie,1
CogMisp24,NA,P16,en,foot,1
CogMisp24,NA,P16,en,giraffe,1
CogMisp24,NA,P16,en,monkey,1
CogMisp24,NA,P16,en,mouth,1
CogMisp24,NA,P16,en,pizza,1
CogMisp24,NA,P16,en,table,1
CogMisp24,NA,P16,en,window,1
CogMisp24,NA,P16,fr,banane,1
CogMisp24,NA,P16,fr,bol,1
CogMisp24,NA,P16,fr,papillon,0
CogMisp24,NA,P16,fr,chocolat,1
CogMisp24,NA,P16,fr,biscuit,0
CogMisp24,NA,P16,fr,pied,0
CogMisp24,NA,P16,fr,girafe,1
CogMisp24,NA,P16,fr,singe,0
CogMisp24,NA,P16,fr,bouche,0
CogMisp24,NA,P16,fr,pizza,1
CogMisp24,NA,P16,fr,table,0
CogMisp24,NA,P16,fr,fenetre,0
CogMisp24,NA,P51,en,banana,1
CogMisp24,NA,P51,en,bowl,1
CogMisp24,NA,P51,en,butterfly,1
CogMisp24,NA,P51,en,chocolate,1
CogMisp24,NA,P51,en,cookie,1
CogMisp24,NA,P51,en,foot,1
CogMisp24,NA,P51,en,giraffe,1
CogMisp24,NA,P51,en,monkey,1
CogMisp24,NA,P51,en,mouth,1
CogMisp24,NA,P51,en,pizza,1
CogMisp24,NA,P51,en,table,1
CogMisp24,NA,P51,en,window,1
CogMisp24,NA,P51,fr,banane,0
CogMisp24,NA,P51,fr,bol,0
CogMisp24,NA,P51,fr,papillon,0
CogMisp24,NA,P51,fr,chocolat,0
CogMisp24,NA,P51,fr,biscuit,0
CogMisp24,NA,P51,fr,pied,0
CogMisp24,NA,P51,fr,girafe,0
CogMisp24,NA,P51,fr,singe,0
CogMisp24,NA,P51,fr,bouche,0
CogMisp24,NA,P51,fr,pizza,0
CogMisp24,NA,P51,fr,table,0
CogMisp24,NA,P51,fr,fenetre,0
CogMisp24,NA,P29,en,banana,1
CogMisp24,NA,P29,en,bowl,1
CogMisp24,NA,P29,en,butterfly,0
CogMisp24,NA,P29,en,chocolate,0
CogMisp24,NA,P29,en,cookie,1
CogMisp24,NA,P29,en,foot,1
CogMisp24,NA,P29,en,giraffe,0
CogMisp24,NA,P29,en,monkey,0
CogMisp24,NA,P29,en,mouth,1
CogMisp24,NA,P29,en,pizza,0
CogMisp24,NA,P29,en,table,1
CogMisp24,NA,P29,en,window,1
CogMisp24,NA,P29,fr,banane,0
CogMisp24,NA,P29,fr,bol,0
CogMisp24,NA,P29,fr,papillon,0
CogMisp24,NA,P29,fr,chocolat,0
CogMisp24,NA,P29,fr,biscuit,0
CogMisp24,NA,P29,fr,pied,0
CogMisp24,NA,P29,fr,girafe,0
CogMisp24,NA,P29,fr,singe,0
CogMisp24,NA,P29,fr,bouche,0
CogMisp24,NA,P29,fr,pizza,0
CogMisp24,NA,P29,fr,table,0
CogMisp24,NA,P29,fr,fenetre,0
CogMisp24,NA,P57,en,banana,1
CogMisp24,NA,P57,en,bowl,1
CogMisp24,NA,P57,en,butterfly,1
CogMisp24,NA,P57,en,chocolate,1
CogMisp24,NA,P57,en,cookie,1
CogMisp24,NA,P57,en,foot,1
CogMisp24,NA,P57,en,giraffe,1
CogMisp24,NA,P57,en,monkey,1
CogMisp24,NA,P57,en,mouth,1
CogMisp24,NA,P57,en,pizza,1
CogMisp24,NA,P57,en,table,1
CogMisp24,NA,P57,en,window,1
CogMisp24,NA,P57,fr,banane,1
CogMisp24,NA,P57,fr,bol,0
CogMisp24,NA,P57,fr,papillon,0
CogMisp24,NA,P57,fr,chocolat,1
CogMisp24,NA,P57,fr,biscuit,0
CogMisp24,NA,P57,fr,pied,0
CogMisp24,NA,P57,fr,girafe,1
CogMisp24,NA,P57,fr,singe,0
CogMisp24,NA,P57,fr,bouche,0
CogMisp24,NA,P57,fr,pizza,1
CogMisp24,NA,P57,fr,table,0
CogMisp24,NA,P57,fr,fenetre,0
CogMisp24,NA,P73,en,banana,1
CogMisp24,NA,P73,en,bowl,1
CogMisp24,NA,P73,en,butterfly,1
CogMisp24,NA,P73,en,chocolate,1
CogMisp24,NA,P73,en,cookie,1
CogMisp24,NA,P73,en,foot,1
CogMisp24,NA,P73,en,giraffe,1
CogMisp24,NA,P73,en,monkey,1
CogMisp24,NA,P73,en,mouth,1
CogMisp24,NA,P73,en,pizza,1
CogMisp24,NA,P73,en,table,1
CogMisp24,NA,P73,en,window,0
CogMisp24,NA,P73,fr,banane,0
CogMisp24,NA,P73,fr,bol,0
CogMisp24,NA,P73,fr,papillon,0
CogMisp24,NA,P73,fr,chocolat,0
CogMisp24,NA,P73,fr,biscuit,0
CogMisp24,NA,P73,fr,pied,0
CogMisp24,NA,P73,fr,girafe,0
CogMisp24,NA,P73,fr,singe,0
CogMisp24,NA,P73,fr,bouche,0
CogMisp24,NA,P73,fr,pizza,0
CogMisp24,NA,P73,fr,table,0
CogMisp24,NA,P73,fr,fenetre,0
CogMisp24,NA,P38,en,banana,1
CogMisp24,NA,P38,en,bowl,1
CogMisp24,NA,P38,en,butterfly,1
CogMisp24,NA,P38,en,chocolate,1
CogMisp24,NA,P38,en,cookie,1
CogMisp24,NA,P38,en,foot,1
CogMisp24,NA,P38,en,giraffe,1
CogMisp24,NA,P38,en,monkey,1
CogMisp24,NA,P38,en,mouth,1
CogMisp24,NA,P38,en,pizza,1
CogMisp24,NA,P38,en,table,1
CogMisp24,NA,P38,en,window,1
CogMisp24,NA,P38,fr,banane,0
CogMisp24,NA,P38,fr,bol,0
CogMisp24,NA,P38,fr,papillon,0
CogMisp24,NA,P38,fr,chocolat,0
CogMisp24,NA,P38,fr,biscuit,0
CogMisp24,NA,P38,fr,pied,0
CogMisp24,NA,P38,fr,girafe,0
CogMisp24,NA,P38,fr,singe,0
CogMisp24,NA,P38,fr,bouche,0
CogMisp24,NA,P38,fr,pizza,0
CogMisp24,NA,P38,fr,table,0
CogMisp24,NA,P38,fr,fenetre,0
